timestamp,station_id,traffic_gb,power_kw,hour,weekday
2024-01-01 00:00:00,Station_0,19.45,3.459,0,0
2024-01-01 01:00:00,Station_0,22.33,3.863,1,0
2024-01-01 02:00:00,Station_0,10.9,3.226,2,0
2024-01-01 03:00:00,Station_0,40.96,4.177,3,0
2024-01-01 04:00:00,Station_0,13.96,3.457,4,0
2024-01-01 05:00:00,Station_0,18.39,3.367,5,0
2024-01-01 06:00:00,Station_0,103.63,5.208,6,0
2024-01-01 07:00:00,Station_0,89.66,5.129,7,0
2024-01-01 08:00:00,Station_0,114.81,5.933,8,0
2024-01-01 09:00:00,Station_0,128.81,5.938,9,0
2024-01-01 10:00:00,Station_0,173.95,7.304,10,0
2024-01-01 11:00:00,Station_0,158.97,6.689,11,0
2024-01-01 12:00:00,Station_0,151.83,6.818,12,0
2024-01-01 13:00:00,Station_0,140.69,6.592,13,0
2024-01-01 14:00:00,Station_0,142.95,6.515,14,0
2024-01-01 15:00:00,Station_0,133.4,6.705,15,0
2024-01-01 16:00:00,Station_0,129.8,6.033,16,0
2024-01-01 17:00:00,Station_0,127.87,5.953,17,0
2024-01-01 18:00:00,Station_0,103.13,5.186,18,0
2024-01-01 19:00:00,Station_0,64.55,4.653,19,0
2024-01-01 20:00:00,Station_0,81.08,5.061,20,0
2024-01-01 21:00:00,Station_0,55.84,4.336,21,0
2024-01-01 22:00:00,Station_0,25.86,3.503,22,0
2024-01-01 23:00:00,Station_0,35.13,4.09,23,0
2024-01-02 00:00:00,Station_0,17.15,3.076,0,1
2024-01-02 01:00:00,Station_0,17.47,3.36,1,1
2024-01-02 02:00:00,Station_0,4.26,3.229,2,1
2024-01-02 03:00:00,Station_0,32.74,4.005,3,1
2024-01-02 04:00:00,Station_0,8.41,3.148,4,1
2024-01-02 05:00:00,Station_0,30.31,3.953,5,1
2024-01-02 06:00:00,Station_0,92.81,5.283,6,1
2024-01-02 07:00:00,Station_0,98.93,5.234,7,1
2024-01-02 08:00:00,Station_0,142.19,6.826,8,1
2024-01-02 09:00:00,Station_0,141.35,6.734,9,1
2024-01-02 10:00:00,Station_0,157.39,6.806,10,1
2024-01-02 11:00:00,Station_0,163.38,7.392,11,1
2024-01-02 12:00:00,Station_0,159.46,7.299,12,1
2024-01-02 13:00:00,Station_0,118.66,6.131,13,1
2024-01-02 14:00:00,Station_0,153.27,6.772,14,1
2024-01-02 15:00:00,Station_0,143.8,6.198,15,1
2024-01-02 16:00:00,Station_0,126.7,6.239,16,1
2024-01-02 17:00:00,Station_0,137.7,6.339,17,1
2024-01-02 18:00:00,Station_0,87.87,5.096,18,1
2024-01-02 19:00:00,Station_0,98.2,5.521,19,1
2024-01-02 20:00:00,Station_0,62.05,4.654,20,1
2024-01-02 21:00:00,Station_0,59.03,4.669,21,1
2024-01-02 22:00:00,Station_0,37.51,3.872,22,1
2024-01-02 23:00:00,Station_0,36.16,3.611,23,1
2024-01-03 00:00:00,Station_0,16.44,3.463,0,2
2024-01-03 01:00:00,Station_0,12.69,3.27,1,2
2024-01-03 02:00:00,Station_0,0.0,2.916,2,2
2024-01-03 03:00:00,Station_0,12.13,3.143,3,2
2024-01-03 04:00:00,Station_0,18.58,3.545,4,2
2024-01-03 05:00:00,Station_0,53.63,4.376,5,2
2024-01-03 06:00:00,Station_0,103.86,5.582,6,2
2024-01-03 07:00:00,Station_0,86.75,5.163,7,2
2024-01-03 08:00:00,Station_0,130.9,6.765,8,2
2024-01-03 09:00:00,Station_0,139.54,6.549,9,2
2024-01-03 10:00:00,Station_0,151.44,6.552,10,2
2024-01-03 11:00:00,Station_0,175.1,7.528,11,2
2024-01-03 12:00:00,Station_0,171.87,7.115,12,2
2024-01-03 13:00:00,Station_0,179.0,7.195,13,2
2024-01-03 14:00:00,Station_0,160.76,7.457,14,2
2024-01-03 15:00:00,Station_0,127.57,6.076,15,2
2024-01-03 16:00:00,Station_0,131.49,6.187,16,2
2024-01-03 17:00:00,Station_0,92.27,5.32,17,2
2024-01-03 18:00:00,Station_0,84.07,5.196,18,2
2024-01-03 19:00:00,Station_0,70.68,5.077,19,2
2024-01-03 20:00:00,Station_0,58.25,4.392,20,2
2024-01-03 21:00:00,Station_0,69.78,4.498,21,2
2024-01-03 22:00:00,Station_0,51.45,4.548,22,2
2024-01-03 23:00:00,Station_0,17.93,3.485,23,2
2024-01-04 00:00:00,Station_0,15.9,3.554,0,3
2024-01-04 01:00:00,Station_0,0.0,2.736,1,3
2024-01-04 02:00:00,Station_0,22.24,3.615,2,3
2024-01-04 03:00:00,Station_0,21.03,3.595,3,3
2024-01-04 04:00:00,Station_0,10.8,3.316,4,3
2024-01-04 05:00:00,Station_0,29.74,3.601,5,3
2024-01-04 06:00:00,Station_0,127.99,6.294,6,3
2024-01-04 07:00:00,Station_0,97.66,5.573,7,3
2024-01-04 08:00:00,Station_0,115.38,6.042,8,3
2024-01-04 09:00:00,Station_0,159.81,6.831,9,3
2024-01-04 10:00:00,Station_0,166.41,7.243,10,3
2024-01-04 11:00:00,Station_0,170.29,7.637,11,3
2024-01-04 12:00:00,Station_0,156.32,6.757,12,3
2024-01-04 13:00:00,Station_0,144.61,6.452,13,3
2024-01-04 14:00:00,Station_0,150.8,6.838,14,3
2024-01-04 15:00:00,Station_0,146.58,6.83,15,3
2024-01-04 16:00:00,Station_0,130.2,6.546,16,3
2024-01-04 17:00:00,Station_0,111.56,6.333,17,3
2024-01-04 18:00:00,Station_0,109.39,5.563,18,3
2024-01-04 19:00:00,Station_0,68.41,4.807,19,3
2024-01-04 20:00:00,Station_0,66.65,4.809,20,3
2024-01-04 21:00:00,Station_0,64.67,4.602,21,3
2024-01-04 22:00:00,Station_0,35.34,3.58,22,3
2024-01-04 23:00:00,Station_0,35.35,4.055,23,3
2024-01-05 00:00:00,Station_0,15.21,3.131,0,4
2024-01-05 01:00:00,Station_0,15.21,3.457,1,4
2024-01-05 02:00:00,Station_0,1.15,3.06,2,4
2024-01-05 03:00:00,Station_0,18.15,3.225,3,4
2024-01-05 04:00:00,Station_0,26.37,3.771,4,4
2024-01-05 05:00:00,Station_0,41.59,4.25,5,4
2024-01-05 06:00:00,Station_0,79.33,4.796,6,4
2024-01-05 07:00:00,Station_0,123.25,6.184,7,4
2024-01-05 08:00:00,Station_0,137.73,7.214,8,4
2024-01-05 09:00:00,Station_0,150.99,7.002,9,4
2024-01-05 10:00:00,Station_0,166.27,7.287,10,4
2024-01-05 11:00:00,Station_0,153.23,6.982,11,4
2024-01-05 12:00:00,Station_0,148.41,6.663,12,4
2024-01-05 13:00:00,Station_0,150.68,6.783,13,4
2024-01-05 14:00:00,Station_0,186.68,7.294,14,4
2024-01-05 15:00:00,Station_0,152.72,6.495,15,4
2024-01-05 16:00:00,Station_0,122.92,6.291,16,4
2024-01-05 17:00:00,Station_0,116.49,5.697,17,4
2024-01-05 18:00:00,Station_0,89.27,5.368,18,4
2024-01-05 19:00:00,Station_0,73.52,4.881,19,4
2024-01-05 20:00:00,Station_0,70.68,4.637,20,4
2024-01-05 21:00:00,Station_0,89.73,5.37,21,4
2024-01-05 22:00:00,Station_0,17.66,3.479,22,4
2024-01-05 23:00:00,Station_0,32.12,3.973,23,4
2024-01-06 00:00:00,Station_0,0.0,2.977,0,5
2024-01-06 01:00:00,Station_0,18.3,3.631,1,5
2024-01-06 02:00:00,Station_0,0.0,2.933,2,5
2024-01-06 03:00:00,Station_0,7.56,3.058,3,5
2024-01-06 04:00:00,Station_0,44.33,4.189,4,5
2024-01-06 05:00:00,Station_0,2.63,3.249,5,5
2024-01-06 06:00:00,Station_0,116.83,6.127,6,5
2024-01-06 07:00:00,Station_0,75.41,4.788,7,5
2024-01-06 08:00:00,Station_0,129.5,6.096,8,5
2024-01-06 09:00:00,Station_0,127.72,6.348,9,5
2024-01-06 10:00:00,Station_0,115.26,5.87,10,5
2024-01-06 11:00:00,Station_0,85.64,4.936,11,5
2024-01-06 12:00:00,Station_0,132.21,6.056,12,5
2024-01-06 13:00:00,Station_0,158.75,6.683,13,5
2024-01-06 14:00:00,Station_0,122.57,6.09,14,5
2024-01-06 15:00:00,Station_0,142.68,6.28,15,5
2024-01-06 16:00:00,Station_0,127.95,6.201,16,5
2024-01-06 17:00:00,Station_0,83.48,5.179,17,5
2024-01-06 18:00:00,Station_0,87.99,5.08,18,5
2024-01-06 19:00:00,Station_0,72.85,4.744,19,5
2024-01-06 20:00:00,Station_0,61.2,4.662,20,5
2024-01-06 21:00:00,Station_0,72.73,4.571,21,5
2024-01-06 22:00:00,Station_0,72.83,4.43,22,5
2024-01-06 23:00:00,Station_0,33.46,3.954,23,5
2024-01-07 00:00:00,Station_0,14.41,3.236,0,6
2024-01-07 01:00:00,Station_0,7.6,3.091,1,6
2024-01-07 02:00:00,Station_0,3.41,3.255,2,6
2024-01-07 03:00:00,Station_0,20.04,3.362,3,6
2024-01-07 04:00:00,Station_0,31.34,3.845,4,6
2024-01-07 05:00:00,Station_0,33.73,3.969,5,6
2024-01-07 06:00:00,Station_0,72.57,4.702,6,6
2024-01-07 07:00:00,Station_0,109.41,5.857,7,6
2024-01-07 08:00:00,Station_0,110.19,5.778,8,6
2024-01-07 09:00:00,Station_0,140.23,6.387,9,6
2024-01-07 10:00:00,Station_0,137.37,6.394,10,6
2024-01-07 11:00:00,Station_0,131.0,6.495,11,6
2024-01-07 12:00:00,Station_0,148.38,6.872,12,6
2024-01-07 13:00:00,Station_0,153.84,6.85,13,6
2024-01-07 14:00:00,Station_0,139.4,6.423,14,6
2024-01-07 15:00:00,Station_0,125.92,6.122,15,6
2024-01-07 16:00:00,Station_0,111.95,5.918,16,6
2024-01-07 17:00:00,Station_0,85.93,5.567,17,6
2024-01-07 18:00:00,Station_0,69.91,4.505,18,6
2024-01-07 19:00:00,Station_0,89.17,5.388,19,6
2024-01-07 20:00:00,Station_0,68.86,4.847,20,6
2024-01-07 21:00:00,Station_0,48.75,4.039,21,6
2024-01-07 22:00:00,Station_0,41.97,3.914,22,6
2024-01-07 23:00:00,Station_0,50.36,4.23,23,6
2024-01-08 00:00:00,Station_0,0.0,2.936,0,0
2024-01-08 01:00:00,Station_0,18.81,3.357,1,0
2024-01-08 02:00:00,Station_0,2.08,3.101,2,0
2024-01-08 03:00:00,Station_0,20.95,3.422,3,0
2024-01-08 04:00:00,Station_0,13.93,3.395,4,0
2024-01-08 05:00:00,Station_0,3.62,2.809,5,0
2024-01-08 06:00:00,Station_0,89.22,5.188,6,0
2024-01-08 07:00:00,Station_0,120.19,6.3,7,0
2024-01-08 08:00:00,Station_0,142.86,6.54,8,0
2024-01-08 09:00:00,Station_0,142.14,6.353,9,0
2024-01-08 10:00:00,Station_0,151.68,6.734,10,0
2024-01-08 11:00:00,Station_0,162.8,6.904,11,0
2024-01-08 12:00:00,Station_0,167.79,7.501,12,0
2024-01-08 13:00:00,Station_0,156.32,6.988,13,0
2024-01-08 14:00:00,Station_0,162.31,6.978,14,0
2024-01-08 15:00:00,Station_0,145.79,6.647,15,0
2024-01-08 16:00:00,Station_0,131.47,6.132,16,0
2024-01-08 17:00:00,Station_0,115.9,5.997,17,0
2024-01-08 18:00:00,Station_0,121.77,6.236,18,0
2024-01-08 19:00:00,Station_0,116.77,5.766,19,0
2024-01-08 20:00:00,Station_0,83.08,5.114,20,0
2024-01-08 21:00:00,Station_0,90.42,5.099,21,0
2024-01-08 22:00:00,Station_0,35.44,3.766,22,0
2024-01-08 23:00:00,Station_0,10.19,3.149,23,0
2024-01-09 00:00:00,Station_0,0.61,3.045,0,1
2024-01-09 01:00:00,Station_0,17.74,3.819,1,1
2024-01-09 02:00:00,Station_0,28.67,3.601,2,1
2024-01-09 03:00:00,Station_0,3.8,3.193,3,1
2024-01-09 04:00:00,Station_0,1.2,3.396,4,1
2024-01-09 05:00:00,Station_0,43.03,3.982,5,1
2024-01-09 06:00:00,Station_0,74.3,5.128,6,1
2024-01-09 07:00:00,Station_0,113.81,6.093,7,1
2024-01-09 08:00:00,Station_0,106.08,5.532,8,1
2024-01-09 09:00:00,Station_0,142.51,6.572,9,1
2024-01-09 10:00:00,Station_0,145.21,6.755,10,1
2024-01-09 11:00:00,Station_0,141.94,6.52,11,1
2024-01-09 12:00:00,Station_0,161.8,7.148,12,1
2024-01-09 13:00:00,Station_0,168.63,6.991,13,1
2024-01-09 14:00:00,Station_0,128.95,6.479,14,1
2024-01-09 15:00:00,Station_0,147.41,6.536,15,1
2024-01-09 16:00:00,Station_0,153.27,6.855,16,1
2024-01-09 17:00:00,Station_0,133.22,6.344,17,1
2024-01-09 18:00:00,Station_0,130.91,6.624,18,1
2024-01-09 19:00:00,Station_0,80.74,5.213,19,1
2024-01-09 20:00:00,Station_0,79.68,5.266,20,1
2024-01-09 21:00:00,Station_0,43.1,4.215,21,1
2024-01-09 22:00:00,Station_0,63.91,4.246,22,1
2024-01-09 23:00:00,Station_0,24.3,3.2,23,1
2024-01-10 00:00:00,Station_0,7.96,3.342,0,2
2024-01-10 01:00:00,Station_0,35.15,3.894,1,2
2024-01-10 02:00:00,Station_0,38.84,3.695,2,2
2024-01-10 03:00:00,Station_0,0.0,2.989,3,2
2024-01-10 04:00:00,Station_0,26.76,3.662,4,2
2024-01-10 05:00:00,Station_0,0.0,2.982,5,2
2024-01-10 06:00:00,Station_0,80.43,5.145,6,2
2024-01-10 07:00:00,Station_0,121.03,5.838,7,2
2024-01-10 08:00:00,Station_0,122.29,5.845,8,2
2024-01-10 09:00:00,Station_0,141.49,6.728,9,2
2024-01-10 10:00:00,Station_0,137.18,6.53,10,2
2024-01-10 11:00:00,Station_0,150.0,6.591,11,2
2024-01-10 12:00:00,Station_0,158.39,6.753,12,2
2024-01-10 13:00:00,Station_0,149.65,6.502,13,2
2024-01-10 14:00:00,Station_0,181.43,7.543,14,2
2024-01-10 15:00:00,Station_0,131.93,6.341,15,2
2024-01-10 16:00:00,Station_0,128.32,6.164,16,2
2024-01-10 17:00:00,Station_0,124.74,6.27,17,2
2024-01-10 18:00:00,Station_0,92.04,5.186,18,2
2024-01-10 19:00:00,Station_0,80.35,4.548,19,2
2024-01-10 20:00:00,Station_0,47.27,4.455,20,2
2024-01-10 21:00:00,Station_0,82.25,5.006,21,2
2024-01-10 22:00:00,Station_0,56.69,4.479,22,2
2024-01-10 23:00:00,Station_0,88.23,5.43,23,2
2024-01-11 00:00:00,Station_0,10.08,3.061,0,3
2024-01-11 01:00:00,Station_0,0.0,3.041,1,3
2024-01-11 02:00:00,Station_0,3.07,2.792,2,3
2024-01-11 03:00:00,Station_0,7.57,2.973,3,3
2024-01-11 04:00:00,Station_0,46.31,4.334,4,3
2024-01-11 05:00:00,Station_0,25.22,3.927,5,3
2024-01-11 06:00:00,Station_0,101.16,5.357,6,3
2024-01-11 07:00:00,Station_0,138.38,6.567,7,3
2024-01-11 08:00:00,Station_0,114.44,5.823,8,3
2024-01-11 09:00:00,Station_0,129.29,5.956,9,3
2024-01-11 10:00:00,Station_0,165.85,7.528,10,3
2024-01-11 11:00:00,Station_0,136.98,6.537,11,3
2024-01-11 12:00:00,Station_0,150.24,6.659,12,3
2024-01-11 13:00:00,Station_0,149.07,6.554,13,3
2024-01-11 14:00:00,Station_0,152.69,6.651,14,3
2024-01-11 15:00:00,Station_0,146.48,6.652,15,3
2024-01-11 16:00:00,Station_0,126.42,5.979,16,3
2024-01-11 17:00:00,Station_0,106.88,5.823,17,3
2024-01-11 18:00:00,Station_0,107.51,5.492,18,3
2024-01-11 19:00:00,Station_0,85.96,5.299,19,3
2024-01-11 20:00:00,Station_0,44.96,4.233,20,3
2024-01-11 21:00:00,Station_0,47.63,4.305,21,3
2024-01-11 22:00:00,Station_0,36.59,3.554,22,3
2024-01-11 23:00:00,Station_0,17.63,3.45,23,3
2024-01-12 00:00:00,Station_0,15.9,3.217,0,4
2024-01-12 01:00:00,Station_0,22.19,3.223,1,4
2024-01-12 02:00:00,Station_0,13.42,3.093,2,4
2024-01-12 03:00:00,Station_0,7.49,3.197,3,4
2024-01-12 04:00:00,Station_0,8.09,3.125,4,4
2024-01-12 05:00:00,Station_0,40.44,3.896,5,4
2024-01-12 06:00:00,Station_0,112.54,5.587,6,4
2024-01-12 07:00:00,Station_0,123.48,6.375,7,4
2024-01-12 08:00:00,Station_0,92.93,5.164,8,4
2024-01-12 09:00:00,Station_0,151.08,6.736,9,4
2024-01-12 10:00:00,Station_0,157.53,6.817,10,4
2024-01-12 11:00:00,Station_0,159.25,6.95,11,4
2024-01-12 12:00:00,Station_0,177.52,7.489,12,4
2024-01-12 13:00:00,Station_0,163.02,6.993,13,4
2024-01-12 14:00:00,Station_0,144.65,6.53,14,4
2024-01-12 15:00:00,Station_0,148.34,6.624,15,4
2024-01-12 16:00:00,Station_0,134.35,6.774,16,4
2024-01-12 17:00:00,Station_0,128.6,6.15,17,4
2024-01-12 18:00:00,Station_0,118.02,5.869,18,4
2024-01-12 19:00:00,Station_0,53.9,4.146,19,4
2024-01-12 20:00:00,Station_0,41.94,3.978,20,4
2024-01-12 21:00:00,Station_0,57.85,4.782,21,4
2024-01-12 22:00:00,Station_0,52.94,4.28,22,4
2024-01-12 23:00:00,Station_0,54.49,3.92,23,4
2024-01-13 00:00:00,Station_0,13.73,3.498,0,5
2024-01-13 01:00:00,Station_0,0.0,3.229,1,5
2024-01-13 02:00:00,Station_0,17.33,3.35,2,5
2024-01-13 03:00:00,Station_0,24.17,4.058,3,5
2024-01-13 04:00:00,Station_0,20.58,3.564,4,5
2024-01-13 05:00:00,Station_0,14.65,3.196,5,5
2024-01-13 06:00:00,Station_0,97.46,5.265,6,5
2024-01-13 07:00:00,Station_0,99.27,5.386,7,5
2024-01-13 08:00:00,Station_0,117.68,6.009,8,5
2024-01-13 09:00:00,Station_0,136.63,6.314,9,5
2024-01-13 10:00:00,Station_0,125.12,5.932,10,5
2024-01-13 11:00:00,Station_0,127.6,6.265,11,5
2024-01-13 12:00:00,Station_0,147.35,6.499,12,5
2024-01-13 13:00:00,Station_0,147.31,6.954,13,5
2024-01-13 14:00:00,Station_0,135.37,6.76,14,5
2024-01-13 15:00:00,Station_0,109.46,5.487,15,5
2024-01-13 16:00:00,Station_0,83.82,5.395,16,5
2024-01-13 17:00:00,Station_0,108.02,5.689,17,5
2024-01-13 18:00:00,Station_0,89.2,5.005,18,5
2024-01-13 19:00:00,Station_0,108.49,5.738,19,5
2024-01-13 20:00:00,Station_0,61.14,4.674,20,5
2024-01-13 21:00:00,Station_0,56.15,4.449,21,5
2024-01-13 22:00:00,Station_0,28.98,3.819,22,5
2024-01-13 23:00:00,Station_0,63.97,4.868,23,5
2024-01-14 00:00:00,Station_0,34.1,3.75,0,6
2024-01-14 01:00:00,Station_0,0.0,2.975,1,6
2024-01-14 02:00:00,Station_0,13.09,3.546,2,6
2024-01-14 03:00:00,Station_0,0.0,3.306,3,6
2024-01-14 04:00:00,Station_0,15.48,3.302,4,6
2024-01-14 05:00:00,Station_0,6.36,2.828,5,6
2024-01-14 06:00:00,Station_0,97.35,5.448,6,6
2024-01-14 07:00:00,Station_0,78.85,4.712,7,6
2024-01-14 08:00:00,Station_0,105.46,5.97,8,6
2024-01-14 09:00:00,Station_0,117.17,5.629,9,6
2024-01-14 10:00:00,Station_0,125.48,6.082,10,6
2024-01-14 11:00:00,Station_0,93.81,5.334,11,6
2024-01-14 12:00:00,Station_0,132.54,6.453,12,6
2024-01-14 13:00:00,Station_0,162.0,7.275,13,6
2024-01-14 14:00:00,Station_0,125.13,5.907,14,6
2024-01-14 15:00:00,Station_0,159.66,7.003,15,6
2024-01-14 16:00:00,Station_0,110.71,5.763,16,6
2024-01-14 17:00:00,Station_0,101.17,5.5,17,6
2024-01-14 18:00:00,Station_0,76.4,4.801,18,6
2024-01-14 19:00:00,Station_0,71.31,4.674,19,6
2024-01-14 20:00:00,Station_0,48.81,4.241,20,6
2024-01-14 21:00:00,Station_0,45.11,4.429,21,6
2024-01-14 22:00:00,Station_0,1.07,3.245,22,6
2024-01-14 23:00:00,Station_0,54.43,3.946,23,6
2024-01-15 00:00:00,Station_0,6.86,3.097,0,0
2024-01-15 01:00:00,Station_0,0.0,2.844,1,0
2024-01-15 02:00:00,Station_0,0.0,3.35,2,0
2024-01-15 03:00:00,Station_0,31.31,4.037,3,0
2024-01-15 04:00:00,Station_0,31.83,3.57,4,0
2024-01-15 05:00:00,Station_0,17.47,3.535,5,0
2024-01-15 06:00:00,Station_0,81.67,5.184,6,0
2024-01-15 07:00:00,Station_0,111.92,5.723,7,0
2024-01-15 08:00:00,Station_0,140.66,6.605,8,0
2024-01-15 09:00:00,Station_0,137.01,6.657,9,0
2024-01-15 10:00:00,Station_0,135.75,6.517,10,0
2024-01-15 11:00:00,Station_0,166.85,7.109,11,0
2024-01-15 12:00:00,Station_0,164.89,6.872,12,0
2024-01-15 13:00:00,Station_0,171.82,7.258,13,0
2024-01-15 14:00:00,Station_0,144.12,6.813,14,0
2024-01-15 15:00:00,Station_0,131.86,6.015,15,0
2024-01-15 16:00:00,Station_0,106.65,5.787,16,0
2024-01-15 17:00:00,Station_0,96.32,5.759,17,0
2024-01-15 18:00:00,Station_0,68.77,5.059,18,0
2024-01-15 19:00:00,Station_0,87.64,5.172,19,0
2024-01-15 20:00:00,Station_0,61.83,4.625,20,0
2024-01-15 21:00:00,Station_0,57.01,4.646,21,0
2024-01-15 22:00:00,Station_0,49.75,4.274,22,0
2024-01-15 23:00:00,Station_0,36.59,3.903,23,0
2024-01-16 00:00:00,Station_0,16.62,3.073,0,1
2024-01-16 01:00:00,Station_0,0.0,3.149,1,1
2024-01-16 02:00:00,Station_0,16.97,3.388,2,1
2024-01-16 03:00:00,Station_0,17.55,3.508,3,1
2024-01-16 04:00:00,Station_0,12.9,3.167,4,1
2024-01-16 05:00:00,Station_0,28.28,3.511,5,1
2024-01-16 06:00:00,Station_0,106.12,5.313,6,1
2024-01-16 07:00:00,Station_0,130.97,6.369,7,1
2024-01-16 08:00:00,Station_0,133.84,6.543,8,1
2024-01-16 09:00:00,Station_0,167.41,7.388,9,1
2024-01-16 10:00:00,Station_0,124.35,5.853,10,1
2024-01-16 11:00:00,Station_0,148.58,6.72,11,1
2024-01-16 12:00:00,Station_0,167.76,7.049,12,1
2024-01-16 13:00:00,Station_0,160.76,6.868,13,1
2024-01-16 14:00:00,Station_0,142.79,6.288,14,1
2024-01-16 15:00:00,Station_0,128.58,5.944,15,1
2024-01-16 16:00:00,Station_0,115.36,6.095,16,1
2024-01-16 17:00:00,Station_0,101.29,6.059,17,1
2024-01-16 18:00:00,Station_0,107.4,5.722,18,1
2024-01-16 19:00:00,Station_0,71.6,4.93,19,1
2024-01-16 20:00:00,Station_0,61.37,4.559,20,1
2024-01-16 21:00:00,Station_0,95.97,5.38,21,1
2024-01-16 22:00:00,Station_0,65.28,4.491,22,1
2024-01-16 23:00:00,Station_0,41.52,4.392,23,1
2024-01-17 00:00:00,Station_0,2.6,3.427,0,2
2024-01-17 01:00:00,Station_0,23.23,3.468,1,2
2024-01-17 02:00:00,Station_0,23.9,3.792,2,2
2024-01-17 03:00:00,Station_0,26.6,3.351,3,2
2024-01-17 04:00:00,Station_0,10.09,3.203,4,2
2024-01-17 05:00:00,Station_0,24.22,3.73,5,2
2024-01-17 06:00:00,Station_0,102.67,5.3,6,2
2024-01-17 07:00:00,Station_0,121.23,6.153,7,2
2024-01-17 08:00:00,Station_0,138.4,6.676,8,2
2024-01-17 09:00:00,Station_0,154.94,6.965,9,2
2024-01-17 10:00:00,Station_0,150.91,6.441,10,2
2024-01-17 11:00:00,Station_0,164.4,7.152,11,2
2024-01-17 12:00:00,Station_0,164.07,6.846,12,2
2024-01-17 13:00:00,Station_0,141.74,6.754,13,2
2024-01-17 14:00:00,Station_0,151.37,6.921,14,2
2024-01-17 15:00:00,Station_0,142.85,6.577,15,2
2024-01-17 16:00:00,Station_0,144.07,6.499,16,2
2024-01-17 17:00:00,Station_0,116.97,5.832,17,2
2024-01-17 18:00:00,Station_0,93.48,5.275,18,2
2024-01-17 19:00:00,Station_0,87.8,5.099,19,2
2024-01-17 20:00:00,Station_0,88.84,5.042,20,2
2024-01-17 21:00:00,Station_0,54.77,4.281,21,2
2024-01-17 22:00:00,Station_0,69.74,4.783,22,2
2024-01-17 23:00:00,Station_0,57.52,4.141,23,2
2024-01-18 00:00:00,Station_0,16.01,3.578,0,3
2024-01-18 01:00:00,Station_0,13.85,3.559,1,3
2024-01-18 02:00:00,Station_0,6.65,3.448,2,3
2024-01-18 03:00:00,Station_0,51.76,4.221,3,3
2024-01-18 04:00:00,Station_0,14.32,3.649,4,3
2024-01-18 05:00:00,Station_0,49.03,4.121,5,3
2024-01-18 06:00:00,Station_0,93.7,5.286,6,3
2024-01-18 07:00:00,Station_0,95.36,5.2,7,3
2024-01-18 08:00:00,Station_0,114.94,5.72,8,3
2024-01-18 09:00:00,Station_0,141.91,6.594,9,3
2024-01-18 10:00:00,Station_0,175.22,7.181,10,3
2024-01-18 11:00:00,Station_0,172.72,7.275,11,3
2024-01-18 12:00:00,Station_0,159.26,7.116,12,3
2024-01-18 13:00:00,Station_0,141.11,6.604,13,3
2024-01-18 14:00:00,Station_0,154.46,6.96,14,3
2024-01-18 15:00:00,Station_0,146.76,7.16,15,3
2024-01-18 16:00:00,Station_0,120.43,5.905,16,3
2024-01-18 17:00:00,Station_0,106.18,5.543,17,3
2024-01-18 18:00:00,Station_0,90.44,5.499,18,3
2024-01-18 19:00:00,Station_0,105.78,5.53,19,3
2024-01-18 20:00:00,Station_0,57.51,4.532,20,3
2024-01-18 21:00:00,Station_0,49.29,4.359,21,3
2024-01-18 22:00:00,Station_0,51.08,3.974,22,3
2024-01-18 23:00:00,Station_0,65.26,4.991,23,3
2024-01-19 00:00:00,Station_0,2.81,2.993,0,4
2024-01-19 01:00:00,Station_0,16.9,3.489,1,4
2024-01-19 02:00:00,Station_0,24.29,4.009,2,4
2024-01-19 03:00:00,Station_0,14.62,3.206,3,4
2024-01-19 04:00:00,Station_0,0.31,2.862,4,4
2024-01-19 05:00:00,Station_0,24.84,3.98,5,4
2024-01-19 06:00:00,Station_0,92.24,5.351,6,4
2024-01-19 07:00:00,Station_0,115.28,6.12,7,4
2024-01-19 08:00:00,Station_0,167.9,7.091,8,4
2024-01-19 09:00:00,Station_0,135.08,6.586,9,4
2024-01-19 10:00:00,Station_0,162.19,7.424,10,4
2024-01-19 11:00:00,Station_0,166.71,7.096,11,4
2024-01-19 12:00:00,Station_0,168.86,7.443,12,4
2024-01-19 13:00:00,Station_0,170.26,7.358,13,4
2024-01-19 14:00:00,Station_0,167.96,7.433,14,4
2024-01-19 15:00:00,Station_0,163.16,7.209,15,4
2024-01-19 16:00:00,Station_0,127.49,6.217,16,4
2024-01-19 17:00:00,Station_0,133.63,6.177,17,4
2024-01-19 18:00:00,Station_0,105.53,5.56,18,4
2024-01-19 19:00:00,Station_0,84.9,5.378,19,4
2024-01-19 20:00:00,Station_0,72.87,4.831,20,4
2024-01-19 21:00:00,Station_0,37.18,4.079,21,4
2024-01-19 22:00:00,Station_0,57.72,4.876,22,4
2024-01-19 23:00:00,Station_0,37.43,3.98,23,4
2024-01-20 00:00:00,Station_0,13.94,3.664,0,5
2024-01-20 01:00:00,Station_0,9.29,3.288,1,5
2024-01-20 02:00:00,Station_0,21.37,3.572,2,5
2024-01-20 03:00:00,Station_0,7.98,3.238,3,5
2024-01-20 04:00:00,Station_0,33.95,3.644,4,5
2024-01-20 05:00:00,Station_0,23.53,3.448,5,5
2024-01-20 06:00:00,Station_0,102.93,5.269,6,5
2024-01-20 07:00:00,Station_0,89.82,5.321,7,5
2024-01-20 08:00:00,Station_0,133.98,6.336,8,5
2024-01-20 09:00:00,Station_0,112.73,6.195,9,5
2024-01-20 10:00:00,Station_0,107.45,5.246,10,5
2024-01-20 11:00:00,Station_0,140.86,6.421,11,5
2024-01-20 12:00:00,Station_0,120.68,6.159,12,5
2024-01-20 13:00:00,Station_0,137.92,6.335,13,5
2024-01-20 14:00:00,Station_0,109.96,5.924,14,5
2024-01-20 15:00:00,Station_0,130.82,6.251,15,5
2024-01-20 16:00:00,Station_0,138.2,6.241,16,5
2024-01-20 17:00:00,Station_0,75.32,4.745,17,5
2024-01-20 18:00:00,Station_0,84.32,5.157,18,5
2024-01-20 19:00:00,Station_0,68.18,4.775,19,5
2024-01-20 20:00:00,Station_0,40.73,4.307,20,5
2024-01-20 21:00:00,Station_0,47.71,4.416,21,5
2024-01-20 22:00:00,Station_0,45.97,4.241,22,5
2024-01-20 23:00:00,Station_0,44.28,4.197,23,5
2024-01-21 00:00:00,Station_0,19.84,3.762,0,6
2024-01-21 01:00:00,Station_0,13.67,3.484,1,6
2024-01-21 02:00:00,Station_0,10.9,3.561,2,6
2024-01-21 03:00:00,Station_0,4.54,3.474,3,6
2024-01-21 04:00:00,Station_0,17.25,3.145,4,6
2024-01-21 05:00:00,Station_0,23.46,3.45,5,6
2024-01-21 06:00:00,Station_0,97.61,5.31,6,6
2024-01-21 07:00:00,Station_0,91.51,4.91,7,6
2024-01-21 08:00:00,Station_0,103.72,5.108,8,6
2024-01-21 09:00:00,Station_0,97.3,5.585,9,6
2024-01-21 10:00:00,Station_0,140.95,6.609,10,6
2024-01-21 11:00:00,Station_0,119.76,5.984,11,6
2024-01-21 12:00:00,Station_0,135.95,6.167,12,6
2024-01-21 13:00:00,Station_0,156.81,7.096,13,6
2024-01-21 14:00:00,Station_0,125.85,6.152,14,6
2024-01-21 15:00:00,Station_0,124.19,5.696,15,6
2024-01-21 16:00:00,Station_0,106.79,5.533,16,6
2024-01-21 17:00:00,Station_0,83.18,5.023,17,6
2024-01-21 18:00:00,Station_0,111.97,5.927,18,6
2024-01-21 19:00:00,Station_0,63.23,4.695,19,6
2024-01-21 20:00:00,Station_0,80.49,5.197,20,6
2024-01-21 21:00:00,Station_0,49.83,4.116,21,6
2024-01-21 22:00:00,Station_0,51.31,4.361,22,6
2024-01-21 23:00:00,Station_0,49.17,4.356,23,6
2024-01-22 00:00:00,Station_0,27.74,3.587,0,0
2024-01-22 01:00:00,Station_0,32.37,3.849,1,0
2024-01-22 02:00:00,Station_0,45.54,4.001,2,0
2024-01-22 03:00:00,Station_0,43.31,4.122,3,0
2024-01-22 04:00:00,Station_0,11.23,3.184,4,0
2024-01-22 05:00:00,Station_0,20.54,3.598,5,0
2024-01-22 06:00:00,Station_0,107.84,5.581,6,0
2024-01-22 07:00:00,Station_0,115.16,6.308,7,0
2024-01-22 08:00:00,Station_0,155.91,6.985,8,0
2024-01-22 09:00:00,Station_0,143.0,6.599,9,0
2024-01-22 10:00:00,Station_0,161.16,6.825,10,0
2024-01-22 11:00:00,Station_0,154.09,6.519,11,0
2024-01-22 12:00:00,Station_0,165.99,7.279,12,0
2024-01-22 13:00:00,Station_0,150.71,7.082,13,0
2024-01-22 14:00:00,Station_0,133.58,6.047,14,0
2024-01-22 15:00:00,Station_0,145.79,6.854,15,0
2024-01-22 16:00:00,Station_0,155.26,6.79,16,0
2024-01-22 17:00:00,Station_0,131.71,6.285,17,0
2024-01-22 18:00:00,Station_0,97.41,5.612,18,0
2024-01-22 19:00:00,Station_0,94.26,5.041,19,0
2024-01-22 20:00:00,Station_0,92.15,5.58,20,0
2024-01-22 21:00:00,Station_0,48.19,4.284,21,0
2024-01-22 22:00:00,Station_0,55.45,4.438,22,0
2024-01-22 23:00:00,Station_0,33.79,3.71,23,0
2024-01-23 00:00:00,Station_0,11.62,3.525,0,1
2024-01-23 01:00:00,Station_0,20.77,3.445,1,1
2024-01-23 02:00:00,Station_0,25.99,3.08,2,1
2024-01-23 03:00:00,Station_0,34.5,3.515,3,1
2024-01-23 04:00:00,Station_0,15.56,3.165,4,1
2024-01-23 05:00:00,Station_0,5.92,3.38,5,1
2024-01-23 06:00:00,Station_0,92.98,5.394,6,1
2024-01-23 07:00:00,Station_0,114.83,5.966,7,1
2024-01-23 08:00:00,Station_0,131.15,6.022,8,1
2024-01-23 09:00:00,Station_0,157.37,6.836,9,1
2024-01-23 10:00:00,Station_0,128.61,6.13,10,1
2024-01-23 11:00:00,Station_0,180.47,7.682,11,1
2024-01-23 12:00:00,Station_0,154.77,6.799,12,1
2024-01-23 13:00:00,Station_0,153.13,7.244,13,1
2024-01-23 14:00:00,Station_0,157.69,7.028,14,1
2024-01-23 15:00:00,Station_0,157.88,6.995,15,1
2024-01-23 16:00:00,Station_0,126.11,6.114,16,1
2024-01-23 17:00:00,Station_0,114.46,5.854,17,1
2024-01-23 18:00:00,Station_0,110.91,5.783,18,1
2024-01-23 19:00:00,Station_0,95.46,5.37,19,1
2024-01-23 20:00:00,Station_0,71.18,4.38,20,1
2024-01-23 21:00:00,Station_0,71.32,4.852,21,1
2024-01-23 22:00:00,Station_0,63.01,3.996,22,1
2024-01-23 23:00:00,Station_0,73.37,4.806,23,1
2024-01-24 00:00:00,Station_0,28.62,3.508,0,2
2024-01-24 01:00:00,Station_0,21.8,3.334,1,2
2024-01-24 02:00:00,Station_0,5.06,3.509,2,2
2024-01-24 03:00:00,Station_0,14.41,3.404,3,2
2024-01-24 04:00:00,Station_0,34.05,3.95,4,2
2024-01-24 05:00:00,Station_0,27.6,3.763,5,2
2024-01-24 06:00:00,Station_0,136.05,6.39,6,2
2024-01-24 07:00:00,Station_0,118.55,6.174,7,2
2024-01-24 08:00:00,Station_0,146.58,6.902,8,2
2024-01-24 09:00:00,Station_0,152.01,6.572,9,2
2024-01-24 10:00:00,Station_0,176.46,7.182,10,2
2024-01-24 11:00:00,Station_0,162.5,6.912,11,2
2024-01-24 12:00:00,Station_0,159.04,7.042,12,2
2024-01-24 13:00:00,Station_0,162.78,7.154,13,2
2024-01-24 14:00:00,Station_0,176.17,7.495,14,2
2024-01-24 15:00:00,Station_0,138.76,6.662,15,2
2024-01-24 16:00:00,Station_0,147.84,6.451,16,2
2024-01-24 17:00:00,Station_0,124.49,6.252,17,2
2024-01-24 18:00:00,Station_0,95.54,5.664,18,2
2024-01-24 19:00:00,Station_0,82.22,5.081,19,2
2024-01-24 20:00:00,Station_0,67.4,4.688,20,2
2024-01-24 21:00:00,Station_0,41.13,3.74,21,2
2024-01-24 22:00:00,Station_0,71.96,4.63,22,2
2024-01-24 23:00:00,Station_0,27.17,3.249,23,2
2024-01-25 00:00:00,Station_0,2.42,2.796,0,3
2024-01-25 01:00:00,Station_0,37.24,4.133,1,3
2024-01-25 02:00:00,Station_0,4.09,3.553,2,3
2024-01-25 03:00:00,Station_0,32.0,3.735,3,3
2024-01-25 04:00:00,Station_0,0.0,3.458,4,3
2024-01-25 05:00:00,Station_0,4.5,2.783,5,3
2024-01-25 06:00:00,Station_0,115.34,6.371,6,3
2024-01-25 07:00:00,Station_0,136.29,6.52,7,3
2024-01-25 08:00:00,Station_0,138.92,6.644,8,3
2024-01-25 09:00:00,Station_0,153.81,6.901,9,3
2024-01-25 10:00:00,Station_0,153.52,6.826,10,3
2024-01-25 11:00:00,Station_0,146.65,6.61,11,3
2024-01-25 12:00:00,Station_0,134.61,6.345,12,3
2024-01-25 13:00:00,Station_0,143.13,6.357,13,3
2024-01-25 14:00:00,Station_0,154.66,7.145,14,3
2024-01-25 15:00:00,Station_0,156.2,6.591,15,3
2024-01-25 16:00:00,Station_0,115.16,6.067,16,3
2024-01-25 17:00:00,Station_0,100.79,5.475,17,3
2024-01-25 18:00:00,Station_0,108.25,5.513,18,3
2024-01-25 19:00:00,Station_0,86.05,4.884,19,3
2024-01-25 20:00:00,Station_0,60.98,4.588,20,3
2024-01-25 21:00:00,Station_0,33.68,3.93,21,3
2024-01-25 22:00:00,Station_0,47.74,4.304,22,3
2024-01-25 23:00:00,Station_0,45.4,4.408,23,3
2024-01-26 00:00:00,Station_0,13.88,3.261,0,4
2024-01-26 01:00:00,Station_0,14.45,3.47,1,4
2024-01-26 02:00:00,Station_0,15.14,3.387,2,4
2024-01-26 03:00:00,Station_0,6.74,3.036,3,4
2024-01-26 04:00:00,Station_0,0.0,3.35,4,4
2024-01-26 05:00:00,Station_0,6.68,3.029,5,4
2024-01-26 06:00:00,Station_0,89.22,5.41,6,4
2024-01-26 07:00:00,Station_0,111.1,6.027,7,4
2024-01-26 08:00:00,Station_0,119.9,6.053,8,4
2024-01-26 09:00:00,Station_0,129.9,6.676,9,4
2024-01-26 10:00:00,Station_0,134.15,6.416,10,4
2024-01-26 11:00:00,Station_0,167.46,7.269,11,4
2024-01-26 12:00:00,Station_0,157.22,6.905,12,4
2024-01-26 13:00:00,Station_0,158.61,6.936,13,4
2024-01-26 14:00:00,Station_0,166.42,7.603,14,4
2024-01-26 15:00:00,Station_0,134.06,6.078,15,4
2024-01-26 16:00:00,Station_0,128.68,6.733,16,4
2024-01-26 17:00:00,Station_0,103.47,5.915,17,4
2024-01-26 18:00:00,Station_0,125.17,6.018,18,4
2024-01-26 19:00:00,Station_0,93.01,5.651,19,4
2024-01-26 20:00:00,Station_0,64.31,4.567,20,4
2024-01-26 21:00:00,Station_0,48.85,4.018,21,4
2024-01-26 22:00:00,Station_0,38.3,3.713,22,4
2024-01-26 23:00:00,Station_0,42.56,3.91,23,4
2024-01-27 00:00:00,Station_0,13.71,3.031,0,5
2024-01-27 01:00:00,Station_0,15.68,3.559,1,5
2024-01-27 02:00:00,Station_0,0.0,3.075,2,5
2024-01-27 03:00:00,Station_0,33.1,3.585,3,5
2024-01-27 04:00:00,Station_0,42.94,4.157,4,5
2024-01-27 05:00:00,Station_0,10.96,3.263,5,5
2024-01-27 06:00:00,Station_0,93.37,5.35,6,5
2024-01-27 07:00:00,Station_0,106.28,5.473,7,5
2024-01-27 08:00:00,Station_0,113.04,5.543,8,5
2024-01-27 09:00:00,Station_0,119.39,5.804,9,5
2024-01-27 10:00:00,Station_0,118.13,6.201,10,5
2024-01-27 11:00:00,Station_0,150.63,6.888,11,5
2024-01-27 12:00:00,Station_0,119.62,5.927,12,5
2024-01-27 13:00:00,Station_0,152.46,6.84,13,5
2024-01-27 14:00:00,Station_0,163.96,7.178,14,5
2024-01-27 15:00:00,Station_0,123.94,6.037,15,5
2024-01-27 16:00:00,Station_0,112.5,5.782,16,5
2024-01-27 17:00:00,Station_0,108.82,5.912,17,5
2024-01-27 18:00:00,Station_0,73.21,4.564,18,5
2024-01-27 19:00:00,Station_0,44.26,4.208,19,5
2024-01-27 20:00:00,Station_0,42.95,3.643,20,5
2024-01-27 21:00:00,Station_0,54.77,4.868,21,5
2024-01-27 22:00:00,Station_0,40.74,4.186,22,5
2024-01-27 23:00:00,Station_0,36.97,3.904,23,5
2024-01-28 00:00:00,Station_0,23.99,3.542,0,6
2024-01-28 01:00:00,Station_0,14.73,3.433,1,6
2024-01-28 02:00:00,Station_0,2.23,3.254,2,6
2024-01-28 03:00:00,Station_0,12.06,3.15,3,6
2024-01-28 04:00:00,Station_0,25.9,3.468,4,6
2024-01-28 05:00:00,Station_0,21.96,3.547,5,6
2024-01-28 06:00:00,Station_0,101.29,5.627,6,6
2024-01-28 07:00:00,Station_0,97.82,5.609,7,6
2024-01-28 08:00:00,Station_0,131.35,6.395,8,6
2024-01-28 09:00:00,Station_0,121.22,5.768,9,6
2024-01-28 10:00:00,Station_0,113.19,5.769,10,6
2024-01-28 11:00:00,Station_0,125.12,6.091,11,6
2024-01-28 12:00:00,Station_0,136.85,6.527,12,6
2024-01-28 13:00:00,Station_0,133.2,6.427,13,6
2024-01-28 14:00:00,Station_0,130.13,5.858,14,6
2024-01-28 15:00:00,Station_0,106.97,5.645,15,6
2024-01-28 16:00:00,Station_0,92.35,5.429,16,6
2024-01-28 17:00:00,Station_0,121.16,6.273,17,6
2024-01-28 18:00:00,Station_0,81.8,5.343,18,6
2024-01-28 19:00:00,Station_0,74.03,4.783,19,6
2024-01-28 20:00:00,Station_0,50.3,4.197,20,6
2024-01-28 21:00:00,Station_0,43.11,4.112,21,6
2024-01-28 22:00:00,Station_0,43.24,4.082,22,6
2024-01-28 23:00:00,Station_0,42.29,4.295,23,6
2024-01-29 00:00:00,Station_0,26.24,3.359,0,0
2024-01-29 01:00:00,Station_0,0.0,3.187,1,0
2024-01-29 02:00:00,Station_0,0.0,2.955,2,0
2024-01-29 03:00:00,Station_0,0.0,2.64,3,0
2024-01-29 04:00:00,Station_0,29.12,3.88,4,0
2024-01-29 05:00:00,Station_0,16.69,2.899,5,0
2024-01-29 06:00:00,Station_0,91.81,5.374,6,0
2024-01-29 07:00:00,Station_0,93.35,5.37,7,0
2024-01-29 08:00:00,Station_0,129.77,6.36,8,0
2024-01-29 09:00:00,Station_0,144.22,6.411,9,0
2024-01-29 10:00:00,Station_0,169.91,7.216,10,0
2024-01-29 11:00:00,Station_0,157.55,6.752,11,0
2024-01-29 12:00:00,Station_0,153.35,6.657,12,0
2024-01-29 13:00:00,Station_0,155.36,7.226,13,0
2024-01-29 14:00:00,Station_0,131.38,5.962,14,0
2024-01-29 15:00:00,Station_0,164.49,7.07,15,0
2024-01-29 16:00:00,Station_0,119.96,6.207,16,0
2024-01-29 17:00:00,Station_0,106.44,6.026,17,0
2024-01-29 18:00:00,Station_0,110.17,5.657,18,0
2024-01-29 19:00:00,Station_0,116.83,5.8,19,0
2024-01-29 20:00:00,Station_0,81.13,5.088,20,0
2024-01-29 21:00:00,Station_0,77.1,5.24,21,0
2024-01-29 22:00:00,Station_0,48.52,4.062,22,0
2024-01-29 23:00:00,Station_0,48.94,4.088,23,0
2024-01-30 00:00:00,Station_0,42.2,4.082,0,1
2024-01-30 01:00:00,Station_0,7.13,3.215,1,1
2024-01-30 02:00:00,Station_0,0.0,2.806,2,1
2024-01-30 03:00:00,Station_0,35.28,3.751,3,1
2024-01-30 04:00:00,Station_0,5.3,3.24,4,1
2024-01-30 05:00:00,Station_0,43.13,4.222,5,1
2024-01-30 06:00:00,Station_0,114.94,5.722,6,1
2024-01-30 07:00:00,Station_0,94.2,5.655,7,1
2024-01-30 08:00:00,Station_0,125.16,6.079,8,1
2024-01-30 09:00:00,Station_0,162.35,7.17,9,1
2024-01-30 10:00:00,Station_0,158.8,7.403,10,1
2024-01-30 11:00:00,Station_0,148.3,6.893,11,1
2024-01-30 12:00:00,Station_0,160.86,7.075,12,1
2024-01-30 13:00:00,Station_0,180.88,7.624,13,1
2024-01-30 14:00:00,Station_0,160.04,7.215,14,1
2024-01-30 15:00:00,Station_0,136.95,6.256,15,1
2024-01-30 16:00:00,Station_0,114.33,5.465,16,1
2024-01-30 17:00:00,Station_0,146.37,6.439,17,1
2024-01-30 18:00:00,Station_0,96.68,5.362,18,1
2024-01-30 19:00:00,Station_0,89.08,5.39,19,1
2024-01-30 20:00:00,Station_0,82.91,4.956,20,1
2024-01-30 21:00:00,Station_0,55.07,4.433,21,1
2024-01-30 22:00:00,Station_0,44.31,4.429,22,1
2024-01-30 23:00:00,Station_0,49.41,4.382,23,1
